Z122;MAN (ISOLA)
Z124;NORMANNE (ISOLE)=ISOLE DEL CANALE
Z136;GEORGIA
Z137;ARMENIA
Z141;AZERBAIDJAN
Z142;KIRGHIZISTAN
Z143;UZBEKISTAN
Z147;TAGIKISTAN
Z151;TURKMENISTAN
Z152;KAZAKHISTAN
Z201;ARABIA MERIDIONALE FEDERAZIONE
Z202;ARABIA MERIDIONALE PROTETTORATO
Z218;GAZA (TERRITORIO DI)
Z238;RYUKYU (ISOLE)
Z239;SIKKIM
Z303;BASUTOLAND SUD AFRICA BRITANN
Z304;BECIUANIA SUD AFRICA BRITANNICO
Z323;IFNI
Z339;SAHARA SPAGNOLO
Z350;TANGANICA
Z356;ZANZIBAR
Z362;SAHARA MERIDIONALE
Z363;SAHARA SETTENTRIONALE
Z364;BOPHUTHATSWANA
Z365;TRANSKEI
Z366;VENDA
Z367;CISKEI
Z369;NYASALAND
Z500;ANTILLE BRITANNICHE
Z517;PANAMA ZONA DEL CANALE
Z521;ANTILLE BRITANNICHE
Z523;ANTILLE BRITANNICHE
Z701;CAROLINE (ISOLE)
Z705;GILBERT E ELLICE (ISOLE)
Z707;IRIAN OCCIDENTALE
Z708;MACQUARIE (ISOLE)
Z709;MARCUS (ISOLE)
Z712;MIDWAY (ISOLE)
Z721;ISOLE CILENE (PASQUA E SALA Y GOMEZ)
Z800;DIPENDENZE CANADESI
Z801;DIPENDENZE NORVEGESI ARTICHE
Z802;DIPENDENZE SOVIETICHE
Z900;DIPENDENZE AUSTRALIANE
Z901;DIPENDENZE BRITANNICHE
Z902;DIPENDENZE FRANCESI
Z903;DIPENDENZE NEOZELANDESI
Z904;DIPENDENZE NORVEGESI ANTARTICHE
Z905;DIPENDENZE STATUNITENSI
Z906;DIPENDENZE SUDAFRICANE
Z907;SUD SUDAN
Z102;AUSTRIA
Z246;YEMEN
Z200;AFGHANISTAN
Z532;ANTIGUA E BARBUDA
Z529;ANGUILLA (ISOLA)
Z100;ALBANIA
Z101;ANDORRA
Z302;ANGOLA
Z501;ANTILLE OLANDESI
Z252;ARMENIA
Z725;SAMOA AMERICANE (ISOLE)
Z700;AUSTRALIA
Z253;AZERBAIDJAN
Z103;BELGIO
Z358;BOTSWANA
Z249;BANGLADESH
Z522;BARBADOS
Z104;BULGARIA
Z512;BELIZE
Z205;BHUTAN
Z153;BOSNIA ED ERZEGOVINA
Z400;BERMUDA (ISOLE)
Z601;BOLIVIA
Z314;BENIN
Z602;BRASILE
Z204;BAHREIN
Z207;BRUNEI
Z502;BAHAMAS
Z305;BURUNDI
Z206;MYANMAR (BIRMANIA)
Z525;VERGINI BRITANNICHE (ISOLE)
Z139;BIELORUSSIA=RUSSIA BIANCA
Z504;CUBA
Z306;CAMERUN
Z370;CONGO BELGA
Z212;COCOS (ISOLE)
Z401;CANADA
Z346;SOMALIA FRANCESE
Z133;SVIZZERA
Z313;COSTA D'AVORIO
Z209;SRI LANKA
Z210;CINA REPUBBLICA POPOLARE
Z604;COLOMBIA
Z703;COOK (ISOLE)
Z310;COMORE
Z503;COSTA RICA
Z105;CECOSLOVACCHIA
Z307;CAPO VERDE
Z702;CHRISTMAS (ISOLA)
Z211;CIPRO
Z530;CAYMAN (ISOLE)
Z156;CECA REPUBBLICA
Z112;GERMANIA
Z111;GERMANIA REPUBBLICA DEMOCRATICA
Z361;DJIBOUTI
Z107;DANIMARCA
Z505;DOMINICANA REPUBBLICA
Z214;COREA DEL NORD
Z301;ALGERIA
Z131;SPAGNA
Z322;KENYA
Z357;TANZANIA
Z353;UGANDA
Z605;ECUADOR
Z368;ERITREA
Z506;EL SALVADOR
Z144;ESTONIA
Z336;EGITTO
Z315;ETIOPIA
Z110;FRANCIA
Z109;FINLANDIA
Z704;FIGI=VITI
Z119;LIECHTENSTEIN
Z609;MALVINE=FALKLAND (ISOLE)
Z108;FAER OER (ISOLE)
Z735;MICRONESIA STATI FEDERATI
Z316;GABON
Z114;GRAN BRETAGNA E IRLANDA DEL NORD
Z113;GIBILTERRA
Z509;GUATEMALA
Z254;GEORGIA
Z607;GUYANA=GUIANA FRANCESE
Z318;GHANA
Z320;GUINEA-BISSAU
Z508;GUADALUPA
Z321;GUINEA EQUATORIALE
Z115;GRECIA
Z402;GROENLANDIA
Z706;GUAM (ISOLA)
Z606;GUYANA
Z134;UNGHERIA
Z221;HONG KONG
Z220;GIORDANIA
Z511;HONDURAS
Z149;CROAZIA
Z226;ISRAELE
Z222;INDIA
Z224;IRAN
Z116;IRLANDA=EIRE
Z225;IRAQ
Z117;ISLANDA
Z219;GIAPPONE
Z507;GIAMAICA
Z208;CAMBOGIA
Z731;KIRIBATI
Z533;SAINT KITTS E NEVIS=SAINT CHRISTOPHER E
Z256;KIRGHIZISTAN
Z203;ARABIA SAUDITA
Z227;KUWAIT
Z255;KAZAKHISTAN
Z120;LUSSEMBURGO
Z228;LAOS
Z326;LIBIA
Z325;LIBERIA
Z359;LESOTHO
Z146;LITUANIA
Z145;LETTONIA
Z121;MALTA
Z330;MAROCCO
Z231;MACAO
Z247;MALAYSIA
Z123;MONACO
Z140;MOLDAVIA
Z514;MESSICO
Z711;MARSHALL  (ISOLE)
Z148;MACEDONIA
Z159;MONTENEGRO
Z233;MONGOLIA
Z710;MARIANNE (ISOLE)
Z333;MOZAMBICO
Z513;MARTINICA
Z332;MAURITIUS (ISOLE)
Z531;MONTSERRAT
Z232;MALDIVE
Z328;MALAWI
Z230;MALAYSIA
Z360;MAYOTTE (ISOLA)
Z125;NORVEGIA
Z300;NAMIBIA
Z713;NAURU
Z716;NUOVA CALEDONIA (ISOLE E DIPENDENZE)
Z234;NEPAL
Z715;NORFOLK (ISOLE E ISOLE DEL MAR DEI CORAL
Z717;NUOVE EBRIDI (ISOLE CONDOMINIO FRANCO-IN
Z515;NICARAGUA
Z714;NIUE=SAVAGE (ISOLE)
Z126;PAESI BASSI
Z719;NUOVA ZELANDA
Z235;OMAN
Z128;PORTOGALLO
Z516;PANAMA
Z734;PALAU
Z722;PITCAIRN (E DIPENDENZE)
Z611;PERU'
Z720;PAPUASIA
Z718;NUOVA GUINEA
Z236;PAKISTAN
Z127;POLONIA
Z161;TERRITORI PALESTINESI
Z730;PAPUA NUOVA GUINEA
Z518;PUERTO RICO
Z610;PARAGUAY
Z723;POLINESIA FRANCESE (ISOLE)
Z237;QATAR
Z600;ARGENTINA
Z217;CINA REPUBBLICA NAZIONALE=TAIWAN
Z308;CENTRAFRICANA REPUBBLICA
Z311;CONGO REPUBBLICA POPOLARE
Z603;CILE
Z324;LA REUNION (ISOLA)
Z319;GUINEA
Z510;HAITI
Z354;BURKINA FASO
Z223;INDONESIA
Z331;MAURITANIA
Z229;LIBANO
Z327;MADAGASCAR
Z329;MALI
Z334;NIGER
Z129;ROMANIA
Z213;COREA DEL SUD
Z613;URUGUAY
Z216;FILIPPINE
Z130;SAN MARINO
Z154;RUSSIA=FEDERAZIONE RUSSA
Z338;RUANDA
Z132;SVEZIA
Z157;SERBIA E MONTENEGRO
Z349;SWAZILAND
Z248;SINGAPORE
Z340;SANT'ELENA (ISOLA)
Z155;SLOVACCHIA
Z724;SALOMONE (ISOLE)
Z150;SLOVENIA
Z608;SURINAME
Z343;SENEGAL
Z345;SOMALIA
Z403;SAINT PIERRE ET MIQUELON (ISOLE)
Z158;SERBIA
Z341;SAO TOME E PRINCIPE
Z135;UNIONE REPUBBLICHE SOCIALISTE SOVIETICHE
Z348;SUDAN
Z342;SEYCHELLES
Z240;SIRIA
Z241;THAILANDIA
Z519;TURKS E CAICOS (ISOLE)
Z309;CIAD
Z351;TOGO
Z257;TAGIKISTAN
Z727;TOKELAU=ISOLE DELL'UNIONE
Z242;TIMOR (ISOLA)
Z258;TURKMENISTAN
Z352;TUNISIA
Z728;TONGA=ISOLE DEGLI AMICI
Z243;TURCHIA
Z612;TRINIDAD E TOBAGO
Z732;TUVALU
Z138;UCRAINA
Z215;EMIRATI ARABI UNITI
Z160;KOSSOVO
Z404;STATI UNITI D'AMERICA
Z259;UZBEKISTAN
Z106;CITTA' DEL VATICANO
Z520;VERGINI AMERICANE (ISOLE)
Z251;VIETNAM
Z245;VIETNAM DEL NORD
Z244;VIETNAM DEL SUD
Z733;VANUATU
Z317;GAMBIA
Z344;SIERRA LEONE
Z335;NIGERIA
Z526;DOMINICA
Z524;GRENADA
Z527;SAINT LUCIA
Z729;WALLIS E FUTUNA (ISOLE)
Z726;SAMOA (ISOLE)
Z528;SAINT VINCENT E GRENADINE
Z250;YEMEN REP. DEM. POPOLARE
Z118;JUGOSLAVIA
Z614;VENEZUELA
Z355;ZAMBIA
Z347;SUDAFRICANA REPUBBLICA
Z312;CONGO REPUBBLICA DEMOCRATICA
Z337;ZIMBABWE